{"dateSent":"20250616","uen":"180027220M","requestorEmail":"sebastianczh@outlook.sg","requestorName":"SebastianCZH","batchID":"batch1","currentBatch":1,"totalBatches":1,"oedData":[{"fullName":"John Lim Left Right","resStatusPassType":"Singapore Citizen/ PR","nric":"S7744871C","dateJoined":"20220503","highestEducation":"2   Lower Secondary","pwJobTitle":"[Cleaning] General Cleaner (F&B Establishment)","mainJobTitle":"MJT","mainJobDuties":"MJD","occupationGroup":"3   Associate Professionals and Technicians","typeOfEmployee":"Trainee","jobType":"Full-Time","department":"Finance","standard_hr_wrk":"33","actual_hr_wrk":"23","totalWorkingDaysofMonth":"22","actualWorkingDaysofMonth":"20","paymentMode":"Month","basicWage":"2000.00","grossWage":"2500.00","annualLeaves":"100.00","premiseType":"Branch","postalCode":"544123","streetName":"Sample","dateLeft":"20260531","modeOfLeaving":"Retirements"}]}